id,name,state,city,source_url,official_website_url
21d689e8-b1a5-41bc-92ba-7a9a55d16903,LSR 15s–17s Regional Championships,TX,Houston,https://asc.events/lsr-championships/lsr-week-one/,
a78fe213-779e-4704-908f-5fb56bbc18d1,LSR 12s–14s Regional Championships,TX,Houston,https://crosscourtclassic.com/lone-star-regionals/,
7302c9db-3b0c-47ee-b21a-6517dbad960e,OKRVA Indoor Regional Championships,OK,Tulsa,https://okrva.com/tournament-schedule/,
e4d9e153-fa0e-4c43-b796-57d4cae7d19a,NTR Non-Bid Championship,TX,Dallas area,https://ntr.vstarvolleyball.com/Internet/event_info.php?Tournament_ID=1219,
0257979f-b0b9-4109-83d4-11d4f518e54c,LSR 11s Regional Championships,TX,Round Rock,https://asc.events/lsr-championships/,
566e983d-732f-4218-99f6-3b19440c7099,Dallas Open,TX,Dallas area,https://ntr.vstarvolleyball.com/Internet/event_info.php?Tournament_ID=1199,
6cd6cc7a-1eb8-474b-a69e-4c58e64c3598,NTR 18s Bid Championship,TX,Dallas area,https://ntr.vstarvolleyball.com/Internet/event_info.php?Tournament_ID=1217,
1e6c2a12-14d9-4959-9aeb-046865283ce2,AVC Dallas 11s–17s (non-qualifier),TX,Dallas area (multiple venues),https://www.summittournaments.com/avc,
e965f095-ee86-472b-837d-cc54fb1770fb,AVC 18s National Qualifier – Farmers Branch,TX,Farmers Branch,https://www.summittournaments.com/avc-qualifier,
75383efd-8850-4a1a-9a0b-b75131ee7ace,OKRVA Ranking Invitational Tournament,OK,Oklahoma City,https://okrva.com/tournament-schedule/,
ea7b7580-af9d-4948-9dfa-8da7acf3ad25,AZ Region Girls Regional Championships #4 (11s-14s Championship / 14s-15s Open),AZ,Phoenix,https://cdn1.sportngin.com/attachments/document/d84c-2049124/25.26_Girls_Schedule.v6.pdf,
71b69b99-bd94-4f29-adc4-c8cec1236323,AZ Region Girls Regional Championships #3 (11s-14s Club / 16s-17s Open),AZ,Phoenix,https://cdn1.sportngin.com/attachments/document/d84c-2049124/25.26_Girls_Schedule.v6.pdf,
5d8ac081-1cdf-443a-968d-52636894fb96,AZ Region Girls Regional Championships #2 (15s-18s Club & Championship),AZ,Phoenix,https://cdn1.sportngin.com/attachments/document/d84c-2049124/25.26_Girls_Schedule.v6.pdf,
87894fce-21bb-4b82-a3a7-72fdb1aaec1c,AZ Region NCQ #3 (16s Only) / Club #6 / G10s #4 / Boys #4,AZ,Phoenix,https://www.azregionvolleyball.org/region-national-club-qualifiers,
71da09e5-7066-4c75-b392-f58ceb1f1fab,AZ Region NCQ #3 (15s & 17s) / Championship #6 / G10s #3 / Boys #3,AZ,Phoenix,https://www.azregionvolleyball.org/region-national-club-qualifiers,
eb9fd093-1358-4919-afe0-e3933b534f9b,AZ Region Girls Club #5,AZ,Phoenix,https://cdn1.sportngin.com/attachments/document/d84c-2049124/25.26_Girls_Schedule.v6.pdf,
d3aac025-3e96-4a22-b660-599be9b18a08,AZ Region Girls Open #4,AZ,Phoenix,https://cdn1.sportngin.com/attachments/document/d84c-2049124/25.26_Girls_Schedule.v6.pdf,
87c97665-a112-459e-8ec2-4eed13ea5c0a,AZ Region Girls Championship #5 / Championship 12s #5,AZ,Phoenix,https://cdn1.sportngin.com/attachments/document/d84c-2049124/25.26_Girls_Schedule.v6.pdf,
aae17a26-4d8e-4ec0-b830-822a2c68613c,AZ Region Girls Club #3 / G10s #1 / Boys #1,AZ,Phoenix,https://cdn1.sportngin.com/attachments/document/d84c-2049124/25.26_Girls_Schedule.v6.pdf,
78fbe91b-9b3f-40fe-90d0-41c74be1f910,AZ Region Girls Open #3,AZ,Phoenix,https://cdn1.sportngin.com/attachments/document/d84c-2049124/25.26_Girls_Schedule.v6.pdf,
a34a2a41-45dd-48cd-bc39-9dea8c820ce1,AZ Region Girls Championship #3,AZ,Phoenix,https://cdn1.sportngin.com/attachments/document/d84c-2049124/25.26_Girls_Schedule.v6.pdf,
a4059be8-f8ee-44a4-8436-32f228038f5e,AZ Region Girls Club #2 (Seeding #2),AZ,Phoenix,https://cdn1.sportngin.com/attachments/document/d84c-2049124/25.26_Girls_Schedule.v6.pdf,
da38285f-c670-4236-8b98-c3311fe3d3b4,AZ Region Girls Open #2,AZ,Phoenix,https://cdn1.sportngin.com/attachments/document/d84c-2049124/25.26_Girls_Schedule.v6.pdf,
495a107a-ca48-4649-8f60-489674005a0d,AZ Region Girls Championship #2 (Final Seeding),AZ,Phoenix,https://cdn1.sportngin.com/attachments/document/d84c-2049124/25.26_Girls_Schedule.v6.pdf,
b5d68d91-d4b0-4df7-b9fb-ee67337098c9,AZ Region Girls Club #1 (Seeding #1),AZ,Phoenix,https://cdn1.sportngin.com/attachments/document/d84c-2049124/25.26_Girls_Schedule.v6.pdf,
b845a4a4-3f13-49ae-a5f7-02db570ba845,AZ Region Girls Open #1 – Day 2 / Final Seeding,AZ,Phoenix,https://cdn1.sportngin.com/attachments/document/d84c-2049124/25.26_Girls_Schedule.v6.pdf,
4e9e310e-7b9e-4619-9849-4ee05cb42af7,WYO State Championships,WY,Casper,https://www.wyoclubvb.com/2026results,
5fedb44d-ee95-40f8-a88d-4368a98f966c,WYO Club VB Oil City Showdown – 14U/16U/17U/18U,WY,Casper,https://www.wyoclubvb.com/2026results,
d139c3b2-d0c2-48f1-af64-1fab2bfe437b,WYO Club VB Oil City Showdown – 10U/12U/13U/14U Classic,WY,Casper,https://www.wyoclubvb.com/2026results,
6d56f18a-7a76-4f6e-80a2-8e126e3a68e1,WYO Club VB Rawlins Prison Break – 14U/16U/18U,WY,Rawlins,https://www.wyoclubvb.com/2026results,
4725c6f1-fe03-4955-91d2-294815ddb558,WYO Club VB Rawlins Prison Break – 10U/12U/13U/14U Classic,WY,Rawlins,https://www.wyoclubvb.com/2026results,
a33af947-88e5-4940-b3d3-8a238485b3a0,WYO Club VB Cloud Peak Grand Prix – 14U/16U/17U/18U,WY,Sheridan,https://www.wyoclubvb.com/2026results,
36ac5a42-15dc-499c-ae3e-5eec57c633c1,WYO Club VB Cloud Peak Grand Prix – 10U/12U/13U/14U Classic,WY,Sheridan,https://www.wyoclubvb.com/2026results,
3de13a47-4d42-479d-a047-8dec8370feaa,WYO Club VB Coal Miners Clash – 14U/16U/18U,WY,Gillette,https://www.wyoclubvb.com/2026results,
25027fb0-cad6-4a64-a259-5f7503fc417f,WYO Club VB Coal Miners Clash – 10U/12U/13U/14U Classic,WY,Gillette,https://www.wyoclubvb.com/2026results,
ab92802c-3685-4405-b0cd-95d057e8abae,WYO Club VB Gillette Grand Prix – 14U/16U/18U,WY,Gillette,https://www.wyoclubvb.com/2026results,
fbde98e8-a79b-455a-b0c0-54a4a86e8c06,WYO Club VB Gillette Grand Prix – 10U/12U/14U/14U Classic,WY,Gillette,https://www.wyoclubvb.com/2026results,
035ae174-b197-434f-ab7b-a4ad608d2573,WYO Club VB Spring Spike – 14U/16U/18U,WY,Wyoming,https://www.wyoclubvb.com/2026results,
7cb8ac2c-3e13-4d25-a205-60bd510a27fd,WYO Club VB Spring Spike – 10U/12U/13U/14U Classic,WY,Wyoming,https://www.wyoclubvb.com/2026results,
e821ea2c-bcef-442f-a1bd-0bd7d0108160,WYO Club VB Shamrock Smash – 14U/16U/18U,WY,Wyoming,https://www.wyoclubvb.com/2026results,
61db869e-a552-4aeb-baf9-212452cba292,WYO Club VB Frosty Frenzy – 14U/16U/18U,WY,Wyoming,https://www.wyoclubvb.com/2026results,
948fbe5f-5091-4324-90cf-8d2a5896bd8d,WYO Club VB Frosty Frenzy – 10U/12U/13U/14U Classic,WY,Wyoming,https://www.wyoclubvb.com/2026results,
4dac8987-f2e9-475e-b4bb-8cc39eb67cd0,WYO Club VB Ice Breaker – 14U/16U/18U,WY,Wyoming,https://www.wyoclubvb.com/2026results,
56b4b72f-c9ae-4585-9a7b-96ec3d0e46dd,WYO Club VB Ice Breaker – 10U/12U/13U/14U Classic,WY,Wyoming,https://www.wyoclubvb.com/2026results,
5e202951-5714-4346-902d-2c4e7834b489,RMR Girls Regional Championships (WY teams eligible),WY,Denver/Greeley CO,https://www.coloradoforcevba.com/2025-26-calendar.html,
ee36611d-94d2-4004-9156-271b68b3c5ef,RMR Boys Regionals (WY teams eligible),WY,Denver/Front Range CO,https://www.rmrvolleyball.org/page/show/6830532-boys,
84b24c90-feb9-42c8-b6c6-c00f837d7ff3,NM Cactus Session 2 Tournament,NM,Albuquerque NM,https://www.cactusvolleyball.com/,
a08627ff-e8d9-41f1-9984-786bb64f91c5,NM Cactus Session 1 Tournament,NM,Albuquerque NM,https://www.cactusvolleyball.com/,
2843786d-628d-477b-8c95-aeafdec04e66,Montana AAU Volleyball – Regional Qualifier (Billings/SE),MT,Billings MT,https://www.mtaauvolleyball.com/aau-tournament,
1bad2311-85aa-451f-a4e1-79fedb216f92,Utah AAU Super Regional,UT,Salt Lake City area UT,https://www.utahclubvolleyball.com/schedule,
11e98b36-29a0-4fb8-afb1-c9f36ed5014d,Utah Golden Spike Grand Prix (14s 17s 18s),UT,Salt Lake City area UT,https://www.utahclubvolleyball.com/schedule,
c8b4947c-131a-4d3b-9a04-4642ebfa51c9,Utah Golden Spike Grand Prix (12s 13s 15s 16s),UT,Salt Lake City area UT,https://www.utahclubvolleyball.com/schedule,
7ae0430a-d32f-495a-8db7-e0563edf8cdd,SoCal Cup: The Open Championship (Boys),UT,Salt Lake City UT,https://socalcupvolleyball.com/national-events-copy-copy/,
e930f4b2-5ba4-449d-99ba-658ded1ac341,Arizona Athletic Grounds Girls Youth Tournament #2,AZ,Mesa AZ,https://azgrounds.com/sports/2024/12/2/volleyball-tournaments.aspx,
c727138b-956b-47ee-bf65-fb07d06e3e44,Arizona Athletic Grounds Girls Youth Tournament #1,AZ,Mesa AZ,https://azgrounds.com/sports/2024/12/2/volleyball-tournaments.aspx,
2c5d0fcb-b3e2-4f02-91aa-4b3cde1a58fd,AZ Region Girls Club Division Seeding Tournament #1,AZ,Phoenix metro,https://www.azregionvolleyball.org/page/show/4595205-schedule,
13a4ea7d-3fc9-4139-bb47-fa74e1c7523c,RMR Boys Regional Championships,CO,Denver metro,https://www.rmrvolleyball.org/page/show/6830532-boys,
1ed7cdf4-161d-44de-bfe8-36c7ce820973,RMR Girls Regional Championships,CO,Denver metro,https://www.coloradoforcevba.com/2025-26-calendar.html,
489f1a69-3852-42b6-b3c9-d597babba9b2,RMR Girls Power Series – Odd #5 (15s/17s),CO,Denver metro,https://www.coloradoforcevba.com/2025-26-calendar.html,
4621c838-35d6-4ee2-840c-53982400d006,RMR Girls Power Series – Even #5 (16s/18s),CO,Denver metro,https://www.coloradoforcevba.com/2025-26-calendar.html,
2ec5a2f9-bd0f-4d40-af3c-8afe10d6a367,RMR Girls Power Series – Odd #4 (15s/17s),CO,Denver metro,https://www.coloradoforcevba.com/2025-26-calendar.html,
85be2b31-6298-4454-9cc0-b657ca2a7241,RMR Girls Power Series – Even #4 (14s/16s),CO,Denver metro,https://www.rmrvolleyball.org/competitions,
b7bc4fd9-1e47-467c-8e34-f289524859ac,RMR Girls Power Series – Odd #3 (15s/17s),CO,Denver metro,https://www.rmrvolleyball.org/competitions,
a88012af-fb22-46ba-864c-0803ece8805b,RMR Girls Power Series – Even #3 (14s/16s),CO,Denver metro,https://www.rmrvolleyball.org/competitions,
8f48b35d-daaf-4709-a28c-ada01493b080,RMR Girls Power Series – Odd #2 (17s/18s),CO,Denver metro,https://www.rmrvolleyball.org/competitions,
0e1da8fe-f524-43bd-9856-d84cf082f351,RMR Girls Power Series – Even #2 (16s/18s),CO,Denver metro,https://www.rmrvolleyball.org/competitions,
cb5e7434-dec9-48e0-b342-49a5927605de,RMR Girls Power Series – Odd #1 (15s/17s),CO,Denver metro,https://www.rmrvolleyball.org/competitions,
70c19f58-3688-412d-9697-91786c9df775,RMR Girls Power Series – Even #1 (16s/18s),CO,Denver metro,https://www.rmrvolleyball.org/competitions,
c9c5dda9-59a0-457e-a306-3ed492390b4f,RMR Showdown (Wendy Sapp Memorial),CO,Greeley CO,https://www.rmrvolleyball.org/,
75292664-e6d8-4d41-b433-29e1c4282b44,Colorado Crossroads,CO,Denver/Greeley CO,https://www.coloradoforcevba.com/2025-26-calendar.html,
a0550c46-b24e-4144-ae49-bbb8c5bea00f,RMR Classic,CO,Denver metro,https://www.coloradoforcevba.com/2025-26-calendar.html,
26eb8ae9-979f-449e-8bf9-4e4c32b671b9,RMR Girls Friendship Tournament #2,CO,Denver metro,https://www.rmrvolleyball.org/competitions,
ff6e9826-53ad-4b0a-be7d-89715b97d861,RMR Girls Friendship Tournament #1,CO,Denver metro,https://www.rmrvolleyball.org/competitions,
d47b360b-8e1c-4023-94e0-bd5a9a8ce142,Boise Bid 18s Qualifier,ID,Meridian,https://advancedeventsystems.com/events/36843,
398c87d8-bd4d-474f-a961-0472df256959,HDVL Championship (15–18u),ID,Boise/Treasure Valley,https://highdesertvball.com/,
ad752414-a040-475f-9bda-e154929570a9,HDVL Championship (12–14u),ID,Boise/Treasure Valley,https://highdesertvball.com/,
19883111-9606-42af-9c5d-c19ded732e40,HDVL March Madness (12–14u),ID,Boise/Treasure Valley,https://highdesertvball.com/,
00f42151-231e-4701-9b0b-c7b79420348c,HDVL March Madness (15–18u),ID,Boise/Treasure Valley,https://highdesertvball.com/,
82e4eaaf-749d-47c8-90a1-6d4acf71c4aa,HDVL February Fever (12–14u),ID,Boise/Treasure Valley,https://highdesertvball.com/,
f4a4e6e7-ae0c-4adc-9043-d0b6f381dcda,HDVL February Fever (15–18u),ID,Boise/Treasure Valley,https://highdesertvball.com/,
50246842-f995-4c37-ae9c-f74b969cfe8a,HDVL Battle in Boise (12–14u),ID,Boise/Treasure Valley,https://highdesertvball.com/,
79a06d7d-cf4d-4cff-9bbe-608b7fedaee1,HDVL Battle in Boise (15–18u),ID,Boise/Treasure Valley,https://highdesertvball.com/,
c552c649-5198-444c-b50c-2554cf209d11,NCVA Sierra 18s National Qualifier,NV,San Mateo,https://ncva.com/sierra/,
970e375e-8fbd-4fd4-a816-2f23118db437,PSR Boys May Day Festival,WA,Washington,https://www.psrvb.org/event-links,
9f7cf983-7983-46e1-b64f-a383c59f4f6e,PSR Girls May Day Festival,WA,Washington,https://www.psrvb.org/event-links,
b080e2fe-79bc-4cb4-b70f-b7708ad85e63,PSR Girls Bid Tournament,WA,Auburn,https://www.psrvb.org/bid,
9a890239-c70f-490c-942e-7bbeeea7a478,CEVA GJNC Bid Tournament (18s),OR,Corvallis / Hillsboro,https://cevaregion.org/girlsbid/,
7b83f523-2904-4b56-a2f9-ddd0df9a035d,CEVA BJNC Bid Tournament,OR,Hillsboro,https://cevaregion.org/boysbid/,
f0afb0b1-4d17-4a35-9fd0-75fceef89ef1,CEVA Girls February Freeze,OR,Oregon,https://cevaregion.org/freeze/,
fabebb41-d850-4d7b-ba16-2a18743e0bc5,Matt Hartner Memorial Classic,OR,Eugene / Springfield,https://www.mhmvolleyballclassic.com/,
c4e99ebe-d0f4-4893-aaf6-72cc5bffda97,EIVA Saturday League,ID,Eastern Idaho (various),https://www.easternidahovolleyballassociation.org/2026-tournament-schedule/,
9a1016e9-ccc9-465c-838c-ea5fb23c50be,EIVA Power Tournaments (U17-U18 Power 1),ID,Eastern Idaho (venue TBD),https://www.easternidahovolleyballassociation.org/2026-tournament-schedule/,
bb407478-051a-4c3a-8137-8c4ad39c6a6a,EIVA Grand Prix U17-U18,ID,Eastern Idaho (venue TBD),https://www.easternidahovolleyballassociation.org/2026-tournament-schedule/,
63ffd05d-0864-4aca-ab34-148508e7bc3f,EIVA Grand Prix U15-U16,ID,Eastern Idaho (venue TBD),https://www.easternidahovolleyballassociation.org/2026-tournament-schedule/,
8479a61a-9f34-456f-bae9-4e1e0513c773,EIVA Grand Prix U14,ID,Eastern Idaho (venue TBD),https://www.easternidahovolleyballassociation.org/2026-tournament-schedule/,
c891bf73-d4a1-400d-9331-c0ceb5449ce8,EIVA Grand Prix U13,ID,Eastern Idaho (venue TBD),https://www.easternidahovolleyballassociation.org/2026-tournament-schedule/,
dadb3a6f-1ede-4530-91f0-b767de8de6ac,Boys West Coast Qualifier,CA,Irvine,https://usavolleyball.org/story/usa-volleyball-adds-boys-qualifier-in-southern-california-for-2026/,
8ed346c0-a68d-4b54-9467-18d2a8930ea8,Willamette Volleyball Classic,OR,Oregon,https://topcourtevents.com/pnwps/willamette/,
159a2ea2-b12f-461b-90bd-8918541e0bd0,MLK Oregon Kickoff,OR,Salem,https://topcourtevents.com/pnwps/mlkoreagon/,
82f19219-b8b7-4652-ac84-8b661614a2dc,CEVA GJNC Bid Tournament,OR,Oregon (venue TBD),https://cevaregion.org/girlsbid,
60c34b0c-2290-4953-8d39-0a2e27079bc0,NW Power League Week #3,WA,Lynnwood,https://pnwps.topcourtevents.com/site/?slug=nw-power-series-3,
8a6d3c6b-e81d-4018-904d-d64beef5dd29,Pacific Northwest Qualifier – Week 2 (PNQ III),WA,Spokane,https://www.pacificnwqualifier.org/copy-of-tournament-information-2,
b420e950-5ebd-4834-8844-29222c627965,Pacific Northwest Qualifier – Week 1 (PNQ II),WA,Spokane,https://www.pacificnwqualifier.org/copy-of-tournament-information-2,
2dd99842-e805-4431-ac66-824023a1500a,Pacific Northwest Qualifier – 18s Only (PNQ I),WA,Spokane,https://www.pacificnwqualifier.org/copy-of-tournament-information-2,
f8c31138-d289-4c24-90c6-3d36fd1e053f,ERVA Power League (U16 Power League #1),WA,Liberty Lake,https://www.evergreenregion.org/event/show/579677987,
899bd3a0-6e8f-4e70-8e98-1dfa813842a3,ERVA Power League U14-U16,WA,Spokane / Post Falls,https://advancedeventsystems.com/events/38036,
76ed1211-fd47-43d5-8918-56e00e4126c3,Hooptown Mid-Columbia Hoops Tournament,WA,Kennewick,https://hubsportscenter.org/activities/basketball/,
ab33c493-14d8-4803-8f66-86fc47192b84,Hooptown Championships (Basketball Qualifier),WA,Spokane,https://www.spokanehoopfest.net/tournaments/,
280e9c50-167a-4003-a052-eb64351528a2,USSSA WA Fastpitch Olympia Tournament,WA,Kent,https://softball.travelsports.com/tournaments/summer-showdown-26,
12b35e69-b772-4471-b4af-e292e2c422bc,NWN NWN State Championship,WA,,https://nwyouthbaseball.com/2026-nwn-tournaments/,
7dd3d7b7-cc66-4826-940d-844190f00f87,NWN King of Kennewick,WA,Kennewick,https://nwyouthbaseball.com/2026-nwn-tournaments/,
67ac4980-d15f-4c0e-afff-3319bbfc7091,NWN Tumbleweed Rumble,WA,Kennewick,https://nwyouthbaseball.com/2026-nwn-tournaments/,
2a0640b1-5795-4093-9d49-306d3c366b8b,NWN TC Knockout,WA,Kennewick,https://nwyouthbaseball.com/2026-nwn-tournaments/,
e526ea31-8443-4231-9b96-0bc92f860a47,NWN Desert Duel,WA,Kennewick,https://nwyouthbaseball.com/2026-nwn-tournaments/,
e2d908d9-772b-42c8-8c37-ef1b7027ddd8,NWN Kennewick Kick-Off,WA,Kennewick,https://nwyouthbaseball.com/2026-nwn-tournaments/,
a95876b1-1fbf-4783-8eb3-1ac071e3e498,BIFC Select Tournament Weekend (July),WA,Bainbridge Island,https://bifc.net/upcoming-spring-summer-2026-events/,
541b8add-086f-473a-b850-230f75e7515f,BIFC Firecracker Tournament,WA,Bainbridge Island,https://bifc.net/upcoming-spring-summer-2026-events/,
8526bb24-1e98-4f06-b3e7-295fac97a0f6,BIFC 4v4 Tournament,WA,Bainbridge Island,https://bifc.net/registration-open-for-all-2026-summer-camps/,
3688a7c9-787f-48f0-b59a-60b2653a2b49,Collegiate Showcase,WA,Tukwila,https://www.hsaselect.org/Default.aspx?tabid=1308188,
4cef1598-a3c7-4c40-9c6c-c1f93dfd784f,Cranberry Cup,WA,Woodinville,https://www.hsaselect.org/Default.aspx?tabid=1308188,
f5c70cf4-ff84-4242-807d-dff0f928521a,PacNW Winter Classic,WA,Tukwila,https://www.hsaselect.org/Default.aspx?tabid=1308188,
e5d0b20d-6eb9-464f-aa71-4f6d08e16d41,EFC Cup,WA,Tukwila,https://www.eastsidefc.org/efc-cup,
67eee146-81de-41c7-a673-55e04e5c46e5,WA Love Play For A Cause Lacrosse Jamboree 2026,WA,Bellevue,https://www.walax.com/content/tournaments,
d2472ef0-9a3a-4d1b-b31a-8db363ad2e5c,Space Needle Shootout 2026 (Lacrosse),WA,Tukwila,https://www.walax.com/content/tournaments,
48e3fecc-d3d9-46f3-91db-913845013f3a,WA Cup Lacrosse 2026,WA,Issaquah,https://www.walax.com/content/tournaments,
1c033104-8933-4ea2-bdef-f843fd916f9c,Top Tier Sports WA State Championships 2026,WA,Puget Sound area,https://baseball.exposureevents.com/250627/washington-state-championships,
b977ed52-48de-418f-ab90-ff0183ac0f04,GSL Best in the NW 2026,WA,Puget Sound area,https://www.gsltournaments.com/tournament/best-in-the-northwest/,
7da00f38-73a5-4bc2-9a37-8ee9211b2704,GSL #JR42 2026,WA,Puget Sound area,https://www.gsltournaments.com/tournament/jr42/,
adc21802-4115-464d-8784-4495cb19e255,PGNW 2026 PNW Super Regional NIT,WA,,https://www.washingtonbaseballtournaments.com/baseball-tournaments/youth-tournaments/,
2c75d9eb-8dcc-434d-8cae-c99467b3e7a8,PGNW 2026 The Evergreen Classic,WA,,https://www.washingtonbaseballtournaments.com/baseball-tournaments/youth-tournaments/,
3d3985c8-2005-4e16-bf4a-7df796529515,PGNW 2026 Rainy City Rumble,WA,,https://www.washingtonbaseballtournaments.com/baseball-tournaments/youth-tournaments/,
c7096602-a27a-409c-8575-38dbd96a0221,USSSA WA Fastpitch Spring League 2026,WA,Kent,https://wafastpitch.usssa.com/events/,
d95b82b4-cfe7-4f87-be21-6a9a9fc68515,USSSA WA Madness 2026,WA,Centralia,https://wafastpitch.usssa.com/events/,
b4457f6b-8ed6-4c07-983c-b40b69d060f3,USSSA WA Spring Training 2026,WA,Everett,https://wafastpitch.usssa.com/events/,
5063ddf5-9ff5-4af6-9ab2-a54ea1f126f4,USSSA WA Summer Showdown 2026,WA,Kent,https://wafastpitch.usssa.com/events/,
6699c338-11bf-41fd-b77a-9061c688cdc4,USSSA WA Queens of the Northwest 2026,WA,Kent,https://wafastpitch.usssa.com/events/,
6674c9fe-6197-46b3-8628-a0e4ea3820b0,USSSA WA Crack the Egg – Asura Series 2026,WA,Puyallup,https://wafastpitch.usssa.com/events/,
23626c9a-464a-432b-bad0-ea5860ac3e3e,USSSA WA Spring Fling 2026,WA,Centralia,https://wafastpitch.usssa.com/events/,
a92c84c6-3e8d-4ac1-800b-29a8a2fbe93f,NSAWA State Tournament 2026,WA,Kennewick,https://www.nsawa.com/copy-of-tournament-template-12,
c48f2fef-6ae8-4acb-af13-1aaa14f8c584,NSAWA Schools Out Invite 2026,WA,Mount Vernon,https://www.nsawa.com/copy-of-tournament-template-10,
69f490cc-e864-49ed-95a5-7073c997c4eb,NSAWA Mount Vernon Classic 2026,WA,Mount Vernon,https://www.nsawa.com/copy-of-tournament-template-6,
58726f18-6fd4-4bbf-9ae0-5c7c3db1a55b,NSAWA Snohomish County Opener 2026,WA,Mount Vernon,https://www.nsawa.com/fan-gallery,
4e31f112-37e7-4149-b634-d2a1d86f6aa0,NSAWA Ice Breaker 2026,WA,Kennewick,https://www.nsawa.com/fan-gallery,
a21507b0-e3d0-4b07-a36e-3da4113cbc8d,NSAWA Tacoma Opener 2026,WA,Tacoma,https://www.nsawa.com/copy-of-meadowdale-opener,
ef1bd576-827c-43fb-bd5a-1e3aafd9d8dd,NSAWA Meadowdale Opener (Pete Perry Invitational) 2026,WA,Lynnwood,https://www.nsawa.com/copy-of-tournaments,
333432cb-3256-4bad-b052-aed1d6584374,WA Cup (Washington Cup) 2026,WA,Statewide,https://wpl-soccer.com/wacup-overview/,
c3206056-4071-45d0-9728-801454e6f073,Cascade Cup 2026 – U13/U15,WA,Snoqualmie,https://www.cascadefc.org/cascadecup,
0233d116-6ed9-4bd2-865a-50b0156b4b53,Cascade Cup 2026 – U11/U12,WA,Snoqualmie,https://www.cascadefc.org/cascadecup,
7cac46e5-a1e3-4c99-bffe-430b7d7c0fbb,Rainier Challenge Boys 2026,WA,Puyallup,https://www.washingtonpremierfc.com/tournaments/rainier-challenge/,
78ba3b47-2f7e-47f0-bf53-a289066832ff,Rainier Challenge Girls 2026,WA,Puyallup,https://www.washingtonpremierfc.com/tournaments/rainier-challenge/,
2acac01b-5384-44ed-91c1-2eecb67bcd56,Pepsi WNY AAU Invitational,NY,Amherst,https://www.holidayrinks.com/2026-hockey-tournaments,
81595fa3-c9fb-43d8-aae3-0f65ae065f05,Labor Day Weekend Showcase,NY,Amherst,https://www.holidayrinks.com/2026-hockey-tournaments,
2317baac-fa3d-4bf6-84b2-a3403eec4b0d,Pepsi Hockey Invitational - Weekend 1,NY,Amherst,https://www.holidayrinks.com/2026-hockey-tournaments,
4a021ab6-06d2-448d-b35d-e557e9fcd577,CHE Spring Boston Classic,MA,Boston,https://www.chehockey.com,
56360ca2-f788-44e4-a52c-7b34d5e4c858,CHE Big Red Lake Cup,MI,Holland,https://www.chehockey.com,
ece9bb14-d98a-4d5a-a2dc-49e6212c20ba,CHE Pine Tree Summer Classic,ME,Auburn,https://www.chehockey.com,
ab2db769-1099-4f7b-9e0a-53829f1d96a9,CHE Sioux Falls Showdown,SD,Sioux Falls,https://www.chehockey.com,
ee62642f-f6c0-4032-997a-67d2ffafe5d6,Summer Round Up - Sioux Falls,SD,Sioux Falls,https://playhockey.com/events,
a7e7095e-4a28-4aa3-8e5a-2f8451335e8a,New England Beach Bash,MA,Rockland,https://playhockey.com/events,
7a051ed2-b416-422c-a82d-a860d4636729,Pittsburgh Spring Challenge,PA,Pittsburgh,https://playhockey.com/events,
4579ca6c-1ec0-46a0-b2de-bd0d58c80a8c,Windy City Rumble,IL,Chicago,https://playhockey.com/events,
5be7e9f8-0ae5-4968-93cd-17a01b4d5b53,Seatac Midwinter Classic,WA,Tacoma,https://myhockeytournaments.com,
6dde230f-3aa8-4994-a2eb-3b6f1c5ca1bd,Hockeytown Presidential Power-Play,MI,Detroit,https://myhockeytournaments.com/detroit,
8f30a6b3-4dcb-46e8-9609-ece6fbcd2e56,Hockeytown Midwinter Classic,MI,Detroit,https://myhockeytournaments.com/detroit,
2aac55a7-ce75-4531-8a7c-12ef1ae8483d,Mad City Midwinter Classic,WI,Madison,https://myhockeytournaments.com,
98d19018-ffd5-49bd-a722-11bea8ece342,Chicago Midwinter Classic,IL,Chicago,https://myhockeytournaments.com,
ed39d2e3-088e-46a1-b56e-15923f8bc40e,Charleston Midwinter Classic,SC,North Charleston,https://myhockeytournaments.com,
b80cd702-670e-48c0-b623-fbe2970b3f2a,Great Lakes Midwinter Classic,MI,Holland,https://myhockeytournaments.com/holland,
befb6967-8c58-41f3-b0e7-4819ec4b8a23,Central District Girls Tier 1 - Kohlman Cup,MO,Chesterfield,https://myhockeyrankings.com,
989b53c3-9423-43c8-8bee-bbea4b2f1532,Scottsdale Desert Classic,AZ,Scottsdale,https://www.chehockey.com,
62950c2f-2e9d-43b8-8a40-d2104b67a378,River Falls Youth Hockey Tournament,WI,River Falls,https://www.rfhockey.com/page/show/31208-rfyha-tournament-information,
f494bab7-4cbd-42a0-be3a-d39bf3e362ec,Waterville Valley Deep Freeze - Squirt A/B/C / Bantam,NH,Waterville Valley,https://www.thehockeyacademy.com,
042a4dff-ebf7-4e77-9d27-2b4ae718a74f,Waterville Valley Deep Freeze - Peewee/Bantam B/C,NH,Waterville Valley,https://www.thehockeyacademy.com,
b47ab046-330e-473f-a8f0-709ff58630df,Waterville Valley Deep Freeze - Squirt B/C,NH,Waterville Valley,https://www.thehockeyacademy.com,
97890f0f-e3ef-481d-93ad-0d04a8d19553,Sno-King 18U March Madness,WA,Kent,https://snokinghockey.com/club/tournaments,
f6e63f44-8f72-41d8-b722-a846a472b063,OneHockey - Cleveland,OH,Cleveland,https://onehockey.com,
6c12ca55-356e-47c1-aca0-cbb625ce34e1,OneHockey - South Bend,IN,South Bend,https://onehockey.com,
53da83a9-4d2d-40fe-af90-c204336a5e95,OneHockey - Lexington,KY,Lexington,https://onehockey.com,
5bada678-7417-4758-aa70-01e60ed9d37f,OneHockey - Syracuse,NY,Syracuse,https://onehockey.com,
550af0ff-0946-4049-a162-de16237f4cd3,Tampa Bay Winter Escape,FL,Tampa,https://myhockeytournaments.com,
e578f526-c94f-411b-b8f5-e7e274723c9b,Las Vegas President's Day Tournament,NV,Las Vegas,https://weekendhockey.com/youth-travel-rep-aaa-aa-a-b-tournaments/,
d31793ea-5457-4384-b567-5717b43a09ec,Utica Winter Classic,NY,Utica,https://weekendhockey.com/youth-travel-rep-aaa-aa-a-b-tournaments/,
c5edf783-c071-4c1b-b9f2-c52e59e1da2d,Buffalo Winter Classic,NY,Buffalo,https://weekendhockey.com/youth-travel-rep-aaa-aa-a-b-tournaments/,
1ff2ab30-2803-4bf8-968b-84840310b462,Shamrock Elite Tournament - Girls,MA,Boston,https://shamrocktournaments.com,
d9c2bc1b-b230-4206-8ed0-c24d15fb77ba,Shamrock Elite Tournament - Boys,MA,Boston,https://shamrocktournaments.com,
cd1aa133-efe0-4e9b-a3c8-195f0ab64daa,TPH Hotlanta Hockey Showdown,GA,Duluth,https://totalpackagehockey.com,
5a4b025a-2281-4b41-900a-d68cb966eb64,TPH Rocky Mountain Classic,CO,Denver,https://totalpackagehockey.com,
2a12f251-b403-486f-9326-51e2703c1f0d,TPH Broad Street Battle,PA,Philadelphia,https://totalpackagehockey.com,
2ac80056-560b-4b45-8072-4b8a7fb6bc90,TPH Smashville Summer Showcase,TN,Nashville,https://totalpackagehockey.com,
0aa26bc2-8fad-4b5e-a4d9-e96f4be2f4cd,TPH Nashvegas Winter Showdown,TN,Nashville,https://totalpackagehockey.com,
36d325aa-f17c-4e65-bcca-491281592a8f,TPH Bob O'Gorman Freedom Memorial,AL,Huntsville,https://totalpackagehockey.com,
75eaceee-1e03-4235-8eab-b02fb0b844e5,CHE Tahoe Memorial Cup,NV,Stateline,https://www.chehockey.com,
ef172ccc-9c24-4b2f-bab5-6fa27245887d,CHE Boston Memorial Cup,MA,Boston,https://www.chehockey.com,
bc7f88ad-12eb-4582-8674-048e8becacff,CHE Tampa Memorial Cup,FL,Wesley Chapel,https://www.chehockey.com,
0526abb2-f31b-4f34-95bf-1ac40848b359,CHE Iron City Cup,PA,Pittsburgh,https://www.chehockey.com,
bc16526a-5805-4659-ad9c-ad4f2ff2f9e8,CHE Waterpark Capital Cup,WI,Wisconsin Dells,https://www.chehockey.com,
12e6bc5c-b2ab-48ee-b021-0d6356d87812,CHE JAX River City Cup,FL,Jacksonville,https://www.chehockey.com,
b1a013d4-ac08-40a1-ba72-62862faacbc4,CHE Vegas Spring Showdown,NV,Las Vegas,https://www.chehockey.com,
b86b1412-ba18-4cac-8308-970535349287,CAN/AM Challenge Cup - Lake Tahoe,NV,Stateline,https://www.canamhockey.com,
a7c0c915-ec9b-49c5-8a01-e5b64de27b40,CAN/AM Challenge Cup - Boston,MA,Boston,https://www.canamhockey.com,
e2506580-cebc-457f-b492-3d6b1df784d7,CAN/AM Challenge Cup - Washington DC,VA,Arlington,https://www.canamhockey.com,
4af6c826-128c-4ddd-baeb-6cc38fafe317,CAN/AM Challenge Cup - Las Vegas,NV,Las Vegas,https://www.canamhockey.com,
b356a4be-292f-4062-a532-6471da595c7a,CAN/AM Challenge Cup - Fort Lauderdale,FL,Coral Springs,https://www.canamhockey.com,
baac9edd-0584-40eb-8667-814bd803ccd6,CAN/AM Challenge Cup - Pittsburgh,PA,Pittsburgh,https://www.canamhockey.com/tournaments/tournaments/boys/pittsburgh-january-17-19-2026,
99fe8d7b-5f75-476c-9d7f-fdbced5897ec,CAN/AM Challenge Cup - Nashville,TN,Nashville,https://www.canamhockey.com/tournaments/tournaments/boys,
68d87c76-23b3-451d-b7fd-36f72e173ee8,CAN/AM Challenge Cup - Lake Placid,NY,Lake Placid,https://www.canamhockey.com,
b5487e61-3cac-45e9-865f-c937673f0198,IWLCA Recruiting Series - National,VARIOUS,Various,https://iwlcarecruiting.com/,
58005e0a-2f00-451e-890b-cb98cd18f287,Girls of Summer Lacrosse Tournament,NY,Auburn,https://www.championsforlife.org/fingerlakeslacrossetournaments,
22431f96-07ac-4e7f-b21c-5c76f342a923,GNLL Boys Spring State Tournament,MN,Maple Grove / Rogers,https://www.homegrownlacrosse.org/boysyouthstatetourney,
0386c8d1-600d-41e2-8643-e603464b6eeb,Rumble in Richmond,VA,Richmond,https://www.cselax.com/fall-rumble/,
fde87847-45d1-4ae6-b41c-c4a3986194c9,Boys Future Champions,VA,Charlottesville,https://www.cselax.com/futures/,
1f139a2a-162f-4081-9fff-32e585365754,South Salem Spring Shootout,NY,South Salem,https://ptlacrosse.com/boys/events/,
e61f7d9c-8660-4bf8-abdc-07e39f44e932,National Invitational at Albany,NY,Troy,https://primetimelacrosse.com/event/albany-youth/,
21330111-248b-4d12-84eb-c620b5da99b9,The Highrise,IL,New Lenox,https://uslaxevents.com/tournaments/high-rise/,
c77bbe2f-c026-4d7d-b839-000f437e4080,Blue Ox,MN,Blaine,https://uslaxevents.com/tournaments/blue-ox/,
bada44bf-fcf7-480b-a10b-5137653f1b25,Chesapeake Lacrosse Classic,MD,Upper Marlboro,https://premierlacrosseleague.com/play/tournaments/48265,
aec89174-8d3f-4235-b263-b10ff1de3483,Jam Town,CO,Denver,https://premierlacrosseleague.com/play/tournaments/jamtown,
31745f9b-c881-4cb1-9c0d-877f55cb3318,MLT Late Fall,NY,Mt. Sinai,https://mylacrossetournaments.com/events/,
dffdbc6f-b739-46bd-a7ec-cb70ec62b09b,MLT Fall at Rutgers,NJ,New Brunswick,https://mylacrossetournaments.com/events/,
c99713fb-6e3c-4d96-a185-07a22ba73cc2,MLT Fall Classic,NY,Farmingdale,https://mylacrossetournaments.com/events/,
a4548fd4-8e11-40a8-a1bc-85042236e809,Proving Grounds Summer,PA,Conshohocken,https://mylacrossetournaments.com/events/,
64d564a2-9241-475d-8ed9-703434380005,Purchase College Showcase,NY,Purchase,https://mylacrossetournaments.com/events/boys/,
2ab03780-30dd-49e4-ba2c-6a9f053cc840,AYBT National Tournament 2026,MI,Grand Rapids,http://aybtour.com/?page_id=306,
3301b357-78aa-4d47-818f-9d6d0637c124,PUMA NXTPRO Finals,FL,Florida,https://nxtprohoops.com/,
22ddbc8a-9d69-4169-a07c-3c00a1b97dbb,USJN National Championship / Blue Star Nationals (40th Year),TBD,TBD,https://www.usjn.com/events.php,
9e91d4af-9a78-46a2-a332-070668adeaa7,AAU Girls Basketball Winter Explosion – Hampton (Feb),VA,Hampton,https://ohioaaubasketball.com/,
9c04630e-37a6-480c-9e55-54d2d8b1afb9,"AAU Girls Basketball Winter Explosion – Houston, TX",TX,Houston,https://ohioaaubasketball.com/,
a4890e45-8d27-4684-8b1f-f38c773ea6ab,"AAU Girls Basketball Winter Explosion – Mesa, AZ",AZ,Mesa,https://ohioaaubasketball.com/,
33d4dd1d-1863-4249-98e8-3b4693516c02,AAU Girls Basketball Winter Explosion – Hampton (Jan),VA,Hampton,https://ohioaaubasketball.com/,
a35ea883-491a-4416-8813-6503087171a3,AAU Girls Basketball Winter Explosion – Las Vegas,NV,Las Vegas,https://ohioaaubasketball.com/,
b8e1827e-a4bc-49ca-a015-a0fee30bee9d,9th Annual Mill City Invitational 2026,MN,Chanhassen,https://aauevents.com/mill-city,
2c909a05-46a8-4644-8d71-be58c949d2a3,17th Annual Spring Showdown 2026,MN,Bloomington,https://aauevents.com/spring-showdown,
2a7c971e-bd4b-4c76-b980-16806ef2ff2f,AAU Northeast Super Showcase (Spalding) 2026,MA,Greater Boston,https://www.neaaubasketball.org/tournaments-home,
f1a4e79b-50bb-43b2-9253-d6963d81322a,YBOA Florida Showdown,FL,Panama City,https://cometsget.net/tournaments-page/,
6f59b915-91dd-4202-aec7-cb4076cd628b,YBOA Nationals Tune-Up (Tallahassee),FL,Tallahassee,https://cometsget.net/tournaments-page/,
301bfb08-8075-4f13-9b8c-15f62e585dea,YBOA Beach Madness,FL,Panama City,https://yboabasketball.com/florida,
42175473-8336-4ad0-af8d-fd5bbeb89ea7,YBOA Bay Area Slamfest,FL,Clearwater,https://yboabasketball.com/florida,
95ddc18c-02ff-485a-9602-5d6f93b90c37,YBOA Girls National Championship,FL,Winter Haven,https://yboabasketball.com/tournaments,
9c1e9bf7-fae0-4273-aeeb-1b87f32e21f3,YBOA Boys National Championship Session 2 (Grades 2-6),FL,Winter Haven,https://yboabasketball.com/tournaments,
8fa2ba4a-8d3f-4caa-a1ef-5b2126a19a80,YBOA Boys National Championship Session 1 (Grades 7-Varsity),FL,Winter Haven,https://yboabasketball.com/tournaments,
69c05780-218d-4957-8ee3-65b005150b60,Pittsburgh Summer Live 2 – National Invitational Championship 2026,PA,Monroeville,https://oabc.us/2025-spring-and-summer-tourneys/,
34b7b852-d09f-4449-ae4a-c4b20887613c,Pittsburgh Summer Live 1 – National Championship 2026,PA,Monroeville,https://oabc.us/2025-spring-and-summer-tourneys/,
fef2ab5b-2782-4c3e-a2ac-adfccde75e76,Spring Slam Fest 2026 (18th Annual),PA,Monroeville,https://oabc.us/2025-spring-and-summer-tourneys/,
b1eba86e-1cfb-4563-b9af-881bb9a18835,Court 23 Basketball – August 1-2 Super Tournament,TX,Dallas,https://court23basketball.com/,
7f9fe28f-c323-46f1-9733-d5b0f3f33a36,Court 23 Basketball – July 18-19 Tournament,TX,Dallas,https://court23basketball.com/,
14d7a18a-ad5d-4725-962b-bad3dfb9222f,Court 23 Basketball – July 11-12 Tournament,TX,Dallas,https://court23basketball.com/,
ec4bc3cb-f8bb-4bea-ac7f-fb0743fab57a,Court 23 Basketball – June 27-28 Tournament,TX,Dallas,https://court23basketball.com/,
90c42cf3-713a-4f0d-ac98-46b55b608022,Court 23 Basketball – June 13-14 Tournament,TX,Dallas,https://court23basketball.com/,
72fa82b8-7b1c-4a65-b45a-1032d47c7927,Court 23 Basketball – June 6-7 Tournament,TX,Dallas,https://court23basketball.com/,
fb218f41-ef15-44d3-85d1-9c6e380755ff,Court 23 Basketball – May 30-31 Tournament,TX,Dallas,https://court23basketball.com/,
2ba4da0f-a22f-4f40-ba1b-47a8f2d10c6b,Court 23 Basketball – May 16-17 Tournament,TX,Dallas,https://court23basketball.com/,
0b123523-4f71-43f7-b96b-4c27e1ba5bf5,Court 23 Basketball – May 2-3 Tournament,TX,Dallas,https://court23basketball.com/,
1a1bfd7f-b371-41f7-a7c8-fd024fa3662d,Court 23 Basketball – April 25-26 Tournament,TX,Denton / Lake Dallas,https://court23basketball.com/,
45611856-96aa-49e3-8933-0ac9fe7fc188,Court 23 Basketball – April 11-12 Tournament,TX,Lake Dallas,https://court23basketball.com/,
c91b09b1-47e6-4669-8ff8-6808d88fa478,Court 23 Basketball – March Tournament,TX,Dallas,https://court23basketball.com/,
c76e2818-611e-407c-a4df-475395c438b5,18th Annual End of Summer Showdown,AL,Gulf Shores,https://panhandlebasketball.net/,
304f9ed6-780b-4bef-962c-b22921d6cd0e,13th Annual Gulf Coast Primetime Nationals,AL,Mobile,https://panhandlebasketball.net/,
71d77783-f1cc-4cca-a7ce-01d727db6727,9th Annual Big South Showdown,AL,Birmingham,https://panhandlebasketball.net/,
95b2d495-5387-4db7-a0cf-e38b4684c3e2,7th Annual Summer Jam Fest,AL,Foley,https://panhandlebasketball.net/,
7394cc16-5c82-4052-b309-d55d2baae9e1,13th Annual Stars & Stripes,AL,Foley,https://panhandlebasketball.net/,
addc5969-09ad-4988-81af-38388b40ade9,6th Annual Battle at the Beach,FL,Panama City,https://panhandlebasketball.net/,
39462067-2266-4c92-8bef-c2a8c5ff71b8,13th Annual Gulf Coast Showdown,AL,Mobile,https://panhandlebasketball.net/,
03706dda-1977-4b1c-973b-c4b54e9b730d,5th Annual Queen of the Court,AL,Gulf Shores,https://panhandlebasketball.net/,
0e846b01-825b-4aac-9551-805d5f0be45b,18th Annual Rock the Court,AL,Gulf Shores,https://panhandlebasketball.net/,
89e0d864-3c0a-4d44-9a2d-595a656ea3a0,17th Annual Spring Break Beach Bash,FL,Ft. Walton Beach,https://panhandlebasketball.net/,
f105606e-5779-4de8-b8dc-99ae8b7eddca,18th Annual Panhandle Invitational,AL,Mobile,https://panhandlebasketball.net/,
5e06cfd3-c2d6-4b8b-b9bc-f98f413bcb21,16th Annual March Madness (Panhandle),AL,Foley,https://panhandlebasketball.net/,
10de46e0-3a2a-4075-a9de-5050d2e52e1d,4th Annual St. Patrick's Day Showdown,FL,Panama City,https://panhandlebasketball.net/,
9b630b9b-fc8f-483f-8e94-a7197aad8896,Georgia Tarheel Sports – Tarheel Showcase 2026,GA,Metro Atlanta,https://basketball.exposureevents.com/258763/tarheel-showcase,
e0feea2d-0004-4f48-a9b0-adfe58c52efa,Georgia Tarheel Sports – Tarheel Classic 2026,GA,Lilburn,https://basketball.exposureevents.com/254886/tarheel-classic,
dd0a11a2-8338-46bf-ab50-85ba9849431f,New Balance P32 Regional – Session 1,GA/TX/WI,Stone Mountain / Dallas / Pleasant Prairie,https://www.p32league.com/,
7cbe9aa9-1bc5-49bb-99aa-d5532008ade6,PUMA PRO16 / NXTPRO Session 2,VA,Richmond,https://nxtprohoops.com/,
6017947b-55ac-436e-a795-1f4edd191d02,PUMA PRO16 / NXTPRO Session 1,OK,Tulsa,https://nxtprohoops.com/,
2e163aed-2afd-4887-8ca8-0d8a7cd0e04c,Adidas Girls 3SSB Spring Series,TX,Bryan,https://adidas3ssb.com/,
a7e29adc-6f7e-47d2-9cad-1bb08f109ec0,Adidas 3SSB Session III,TX,Bryan,https://adidas3ssb.com/3ssb-events/,
642b1e9b-7238-4455-ba1c-3de7ea33b6f8,Nike EYBL Peach Jam,SC,North Augusta,https://nikeeyb.com/schedule,
595fc917-a718-40fb-b78a-8d1f71a4953d,Nike EYBL Session 3,MO/KS,Kansas City,https://nikeeyb.com/schedule,
67d0c37b-5959-4154-b01d-e6e03523aac0,Nike EYBL Session 2,TN,Memphis,https://nikeeyb.com/schedule,
0ca91a31-8aa6-479a-878c-289514edc5fe,Nike EYBL Session 1,GA,Atlanta,https://nikeeyb.com/schedule,
8a2e0f31-0508-45a3-a4dc-74d50da98857,Athletes In Motion Berklee Rae Bounce Tournament,WI,Milwaukee area,https://www.athletesinmotion.org/,
6baa5470-3ff9-4264-932a-269a13091a81,Easter Basket Classic 2026,MN,Red Lake,https://www.fargobasketball.com/basketball/youth-tournaments,
fe6e0b4c-a996-4b40-b94c-767292924b1c,RACMadness 3-on-3 Tournament,ND,Tower City,https://www.fargobasketball.com/basketball/youth-tournaments,
dc5cf60c-687b-4f26-afb1-075da967ead1,Green Wave Sports Booster Border Battle,MN,East Grand Forks,https://www.fargobasketball.com/basketball/youth-tournaments,
111f8aa7-96ef-4db3-ad4b-a82c64e0f996,Triple Double Tournament (Gr 7-8),MN,Ada,https://www.fargobasketball.com/basketball/youth-tournaments,
13510770-d0a7-4edc-820b-48f313d55263,Triple Double Tournament (Gr 2-6 Girls),MN,Ada,https://www.fargobasketball.com/basketball/youth-tournaments,
13d24d12-c4d0-41fc-a803-6ba288470c99,Pride of the North – Bemidji,MN,Bemidji,https://www.fargobasketball.com/basketball/youth-tournaments,
17096400-f7e1-47d8-ae16-e322c0d5c78f,Evolution Basketball Kings of the Court - Session 5,WI,Wisconsin Dells / Reedsburg,https://evolutionbasketball.org/events/hardwood-smoke,
68380cb5-298d-4935-802a-15f0b0531819,Evolution Basketball Cream City Rise - Session 4,WI,Pleasant Prairie,https://evolutionbasketball.org/events/hardwood-smoke,
ff8d6a3c-9316-4961-9554-f37879a6c99f,Evolution Basketball Midwest Select Showcase - Session 3,IL,Grayslake / Lake Barrington,https://evolutionbasketball.org/events/hardwood-smoke,
6844d6bc-ec83-4f24-a22d-e08af5b7fc6a,Wisconsin Hardwood Hustle 2026 (10th Annual),WI,Appleton,https://www.blaze365.com/hardwoodhustle,
d9926bba-bc51-48c3-8716-606d903c4f82,Teammate Basketball National Championship 2026,SC,Rock Hill,https://teammatebasketball.com,
c4bfa284-d062-4726-8b4a-1744d2157973,AAU Northeast Conference Championship 2026,MA,Greater Boston,https://www.neaaubasketball.org/tournaments-home,
9fdf411e-dd4a-4c27-ab7e-24376397a794,AAU Northeast Super Showcase,MA,Greater Boston,https://www.neaaubasketball.org/tournaments-home,
762dacc8-e03e-41c2-b912-ab2dd7243a68,AAU MA/RI Girls State Championship 2026,MA,Greater Boston,https://www.neaaubasketball.org/tournaments-home,
0568bfdf-4dfc-4fcc-9619-72e4a111c572,NEAAU IMPACT Tournament 2026,MA,Greater Boston,https://www.neaaubasketball.org/tournaments-home,
3d51d8e6-3ad5-4d87-bd21-efd5e6f1686a,AAU MA/RI Boys State Championship 2026,MA,Greater Boston,https://www.neaaubasketball.org/tournaments-home,
edb0f230-9b80-4e2a-ab28-d81ded009e4c,NEAAU BucketsOverBullying Tournament 2026,MA,Greater Boston,https://www.neaaubasketball.org/tournaments-home,
f4cb9535-9ee9-4ee5-b3e9-55e745b7c0db,USJN Battle of the Programs & Fall Finale (22nd Annual),IL,N. Chicagoland,https://www.usjn.com/events.php,
39c04bca-8cf9-4055-9b92-daf068551ac7,USJN N. Chicagoland Summer Tournament,IL,N. Chicagoland,https://www.usjn.com/events.php,
ed1cc8f7-7a98-41a1-8b95-a859140ea42a,USJN N. Chicagoland Spring Showcase,IL,N. Chicagoland,https://www.usjn.com/events.php,
f2b68bfe-c567-4e22-8243-57fb1c7998ff,USJN Winston-Salem Tournament,NC,Winston-Salem,https://www.usjn.com/events.php,
58092bb4-8e0d-44a9-b694-32408675965c,USJN St. Louis Tournament,MO,St. Louis,https://www.usjn.com/events.php,
b4699be3-7fd6-4646-bcc4-f3a528ed8545,USJN Milwaukee Tournament,WI,Milwaukee,https://www.usjn.com/events.php,
c4f40b79-d60d-46a6-912f-dfae87b98de7,USJN Kansas City Tournament,MO,Kansas City,https://www.usjn.com/events.php,
c97cd2aa-c831-4664-8fcb-b46e9d32793a,USJN Chicagoland Spring Tournament,IL,Chicagoland,https://www.usjn.com/events.php,
8e8384f7-c935-4e24-ab8e-48aa9fb6e88e,USJN Fort Wayne Tournament,IN,Fort Wayne,https://www.usjn.com/events.php,
0c41c2b3-032a-44cf-8a35-3aea0bbf5d01,BUENA VISTA SPORTS COMPLEX TURF BATTLE,TX,Laredo,https://txbaseball.usssa.com/event/pre-spring/,
18704b9f-2d11-4def-b8ba-45ffa1cb0c89,Looney Tunes NIT(Looney Tunes Rings)- PAP,LA,Baton Rouge,https://labaseball.usssa.com/event/shamrock-slam-pap-3/,
7f6da613-1721-446e-812a-2f0886f76332,Superman Classic (Superman Belts & Rings),LA,Lafayette,https://labaseball.usssa.com/event/supermanclassic/,
48c7a458-a85d-4065-923a-d7755e143ff2,UNDER ARMOUR CHAMPIONSHIP SERIES (UA RINGS),GA,Macon,https://gabaseball.usssa.com/event/georgia-rec-all-star-classic-mlb-player-rings/,
d604cc1a-b559-4cce-903e-96e18babbd55,Perfect 48 – San Diego,CA,San Diego,https://cabaseball.usssa.com/event/perfect-48/,
702331d2-ab19-4a94-82a6-5d2f187c9b05,805 Summer Classic U13-U19 Boys and Girls,CA,,https://usclubsoccer.org/list-of-sanctioned-tournaments/,
c66885be-d2a7-48da-a6d8-4214ebaddfaf,Target USA Cup Weekend,MN,,https://usclubsoccer.org/list-of-sanctioned-tournaments/,
6cde7ab3-80ee-430d-b0d0-6d1c8f65e7a4,RAGE College Showcase,CA,,https://usclubsoccer.org/list-of-sanctioned-tournaments/,
9b7545ae-5cbd-45fb-9a70-33e5bd5c0554,Cedar Valley Moonlight Classic and Cedar Valley Cup,IA,,https://www.cedarvalleysoccerclub.org/tournaments,
dbe2d763-9930-49e6-96de-f9d1f548d00d,Blues Cup Nike Invitational,CA,,https://www.bluescup.com,
8967de03-b6be-4cb6-b02a-f0d527402ad4,Concord Cup XXXI,CA,,https://usclubsoccer.org/list-of-sanctioned-tournaments/,
d94201eb-d140-483a-990b-521967b2e604,Rev It Up,MN,,https://salvosoccer.org/tournaments/rev-it-up/,
825743cc-3bdd-4e21-84bb-e82d130e2b67,4th Annual La Panaderia Spring Classic,TX,,https://usclubsoccer.org/list-of-sanctioned-tournaments/,
b12cf802-f7ac-44be-a552-01feb1b777aa,2026 Blossom Bash,CA,,https://usclubsoccer.org/list-of-sanctioned-tournaments/,
689263ed-cd09-4d04-9875-7391dcb3c2ac,C,IA,,https://www.crsasoccer.com/crsa-chillout,
60b7a6ea-bd44-41b4-b04e-0f01e9380fea,WSA Cup,OK,,https://wsasoccer.org/tournaments/wsa-cup-tournament,
69534f45-0445-4a30-92f4-f64bf062569d,R,MT,,https://usclubsoccer.org/list-of-sanctioned-tournaments/,
1cf000c1-2b69-46cf-a545-4382b6390f24,International Cup,NC,,https://soccer.sincsports.com/details.aspx?tid=FSAINTCUP&tab=1,
ba2be92d-e337-4614-83ad-4ac783d16dad,29th Annual Presidents' Day Invitational > Easter Weekend,TX,,https://usclubsoccer.org/list-of-sanctioned-tournaments/,
bc085cfa-76c2-4409-8b41-9159ce5ad2cb,C,CA,,https://www.dublinsoccer.org/clovercup,
8883b9bc-8879-4ce5-9874-1040b00728cf,C Class~Spring Slide~Out,TX,Conroe/Splendora,https://txfastpitch.usssa.com/event/c-classturf-fieldsemc-presents-8u-10u-showdown/,
b44ef662-704d-4c0c-95a7-51af7fa4ab04,No Place Like Home(Plate) 1Day,FL,PACE,https://flfastpitch.usssa.com/event/icebreaker-1day-2/,
67693787-f1b7-48b4-b74d-a58a9920436c,Crack the Egg – Asura Series – Powered by Marucci,WA,Puyallup,https://wafastpitch.usssa.com/event/crack-the-egg-3/,
a15facf7-00f5-41ab-b265-7469d52751ea,Bring the Heat – Featuring GlowBall,OR,Dallas,https://orfastpitch.usssa.com/event/bring-the-heat-3/,
1dd174c7-3c1c-4ec2-808f-833a927f0e76,67 Showdown,CA,Stockton,https://cafastpitch.usssa.com/event/67-classic/,
ee99e539-7b6b-4f97-944d-e945cba43ad3,Summer Showdown,CA,SIMI VALLEY,https://cafastpitch.usssa.com/event/summer-spectacular-2/,
5e632ce7-c429-41a8-8d00-eae865220e6d,Mother’s Day Classic,CA,SIMI VALLEY,https://cafastpitch.usssa.com/event/spring-showdown-3/,
a1841d9f-4ce1-4ede-86e4-42537df61c39,April Fool’s Day Classic,CA,SIMI VALLEY,https://cafastpitch.usssa.com/event/april-fools-shootout-2/,
6527c830-3fc0-41e5-b34c-42f27de4d6d0,Upcoming Events,CT,n.gm.setInterval,https://orfastpitch.usssa.com/events/,
ff1e5a6d-ebda-4e06-9279-69de56845495,Snowball Classic (1 day Saturday),KY,Louisville,https://kybaseball.usssa.com/event/snowball-classic/,
7560073a-f796-4610-8ebe-fbd4489401ea,Sasquatch 5-A-Side,WA,Spokane,https://www.empirecupevents.com/sasquatch,
57e6d61b-eae4-4776-87de-61ec4ce26449,AYSO 3rd Annual Father’s Day Frenzy Tournament,CA,Covina,http://ayso.bluesombrero.com/area1u,
ee593308-62c5-4a3d-a235-ec54b1423271,AYSO Region 55 Butch Ducharme Memorial Sun & Surf Tournament,CA,Huntington Beach,http://www.ayso55.org/,
2eae83c5-e5e6-4c67-82d5-28b6f3f73081,AYSO Redlands AYSO Citrus Classic,CA,Redlands,http://www.ayso50.org/,
3808c590-150a-4b53-b927-f08a5bb9d6ee,AYSO Glendale Legends Cup,CA,Glendale,http://ayso88.org/glc,
aeb86038-32cb-4517-9606-f38ebb832e46,AYSO 34th Annual Top Gun Soccer Tournament,CA,Mira Mesa,http://www.miramesaayso.org/,
c80fe668-0870-4414-aea8-846d2c0b6d23,AYSO Region 112 Great Western Shootout,CA,La Verne,http://www.ayso112.org/,
40821567-9040-493d-bd34-7344268a2f64,AYSO Region 2 Clarizio Indoor Classico Torneo,CA,Pasadena,https://www.ayso2.org/Default.aspx?tabid=975703,
c26078fb-7018-4b5b-9e6e-eb261ac09c01,AYSO Upland AYSO Highlander Classic 2026,CA,Upland,http://www.ayso32.org/,
e69bfe52-7a9e-49ab-ab60-2d1b1a1b2744,AYSO Chino Milkcan Tournament and Shootout,CA,Chino,https://www.aysoregion67.com/,
3b6bdbbf-e9d7-4fd1-9bab-3d2b99af9870,AYSO Mike Marks Mission Classic,CA,Granada Hills,https://www.ayso10v.org/Default.aspx?tabid=972366,
3a8fcc2a-06a1-4774-b822-30f521f184de,AYSO Summer Blast-Off Tournament,CA,Ontario,http://www.583ayso.org/,
c2c0886b-3f58-4a63-be93-b45ba6d50f07,AYSO Cherry Cup Invitational,CA,Beaumont,http://cherrycup.org/,
70053ba8-be29-4844-8b97-20f4691cdd06,AYSO Walnut Spring Fling,CA,Walnut,http://www.ayso624.org/,
3e9942fe-0c26-4085-bed0-9270ee339b32,AYSO 46th Annual Eagle Classic Tournament,CA,Hacienda Heights,http://ayso23.org/,
c7c5c3df-c5f2-4e45-ae80-20d94056c0e6,AYSO Area 1F Founders Cup,CA,Palos Verdes,http://www.ayso1f.org/,
6c983c83-f7cd-44e6-90e3-226a856a510c,AYSO Apricot Jam Tournament,CA,Moorpark,http://www.moorparkayso.org/,
7b2e5f23-f548-4d92-998e-b6ac3083c21d,AYSO 15th Annual River Daze Open Invitational Tournament,AZ,Bullhead City,http://ayso397.org/,
64841780-2506-42df-9a48-bad6f8845c2c,AYSO Dirk Keck Cottontail Classic,CA,Chino,http://ayso31.org/,
5145ae17-5679-4e2b-9429-092bd79d7a22,AYSO Fontana Speedway Classic,CA,Fontana,http://www.ayso136.org/,
a404deb8-df7b-4795-9982-c85cb2866c5e,AYSO Region 19 Screenland Classic XXIII,CA,Culver City,http://www.ayso19.org/,
3d07ad1f-3140-46e4-98ab-d6f0b68dc82e,AYSO 27th Downey Kickoff Classic Tournament Games,CA,Downey,http://www.aysodowney24.org/,
7a688d44-b122-4600-9a87-f9e8b6d9a730,AYSO 28th Annual CRIT Colorado River Open Invitational Tournament,AZ,Bullhead City,http://ayso397.org/,
628ebcea-c788-428e-b103-7a4d50af5991,AYSO Riverside Locomotion Tournament,CA,Jurupa Valley,http://ayso47.org/,
a88341b9-80f1-4b31-b394-b48b6d6b253f,AYSO Hauptman and Freeman Classic,CA,Inglewood,http://www.ayso1031.org/,
fec728d7-314f-4c9e-94bd-73bd294c2e77,Windy City Send Off,IL,Chicago,https://myhockeytournaments.com,
76e04bbb-a18a-4e26-98e0-18dcc2f1f31b,Denver Spring Fling,CO,Denver,https://myhockeytournaments.com,
f616008d-d5a2-47ab-819f-7026b77b41b1,Chicago Spring Fling,IL,Chicago,https://myhockeytournaments.com,
6544776f-4172-4c15-81c8-9695687f9efd,Omaha Stampede II,NE,Omaha,https://myhockeytournaments.com,
c3e54a7b-2b84-4ae6-ab36-a0930c2a1e35,Omaha Stampede I,NE,Omaha,https://myhockeytournaments.com,
1e65845d-4d8e-4e33-9b4a-ec076e2c7d55,Under Armour Championship Series (UA Rings),WV,Hurricane,https://wvbaseball.usssa.com/event/the-valley-super-regional-nit/,
c6bb1656-6f37-41dc-bc53-76bab756040c,RAWLINS/EASTON HYPE TOUR XTREME CHALLENGE,TX,El Paso,https://txbaseball.usssa.com/event/xtreme-challenge-5/,
f4d9512e-c0c7-4e19-9f7d-32f90c1c886a,MADE Bombs for Moms,MD,Worton,https://mdbaseball.usssa.com/event/made-bombs-for-moms-2/,
a393bf00-4ef4-410c-b450-e6b373a540a2,MADE Funky Monkey Bash,MD,Worton,https://mdbaseball.usssa.com/event/funky-monkey-bash/,
e43d3bf5-8274-4369-a7ff-e83149703f60,Major League Dreams(Major League The Movie Rings),LA,Baton Rouge,https://labaseball.usssa.com/event/top-gun-showdown-pap-2/,
aa3e9de2-19ad-4dc5-884b-9f5cc00ccbbc,Frozen Rope Classic – PAP,LA,Natchitoches,https://labaseball.usssa.com/event/frozen-rope-classic-pap-2/,
c86d899f-77ea-4f05-8041-e7e7648805b8,February Frost – PAP,LA,Bossier City,https://labaseball.usssa.com/event/february-frost-pap-4/,
5aec9d45-41f5-4773-a8f7-1a78168a2a0d,Capital Area Conference,LA,BATON ROUGE,https://labaseball.usssa.com/event/capital-area-conference/,
e234058b-5126-4e81-bf8a-e0b019c7920d,March of Diamonds,KY,Louisville,https://kybaseball.usssa.com/event/march-of-diamonds/,
dc6d6a3c-b189-44dd-afac-908ce0fa6996,Icebreaker ($125 Entry Fee),KY,Benton,https://kybaseball.usssa.com/event/icebreaker-125-entry-fee/,
d1353170-c870-4f17-bb94-7658d61658ea,7th Annual Swing into Spring,KY,Bowling Green,https://kybaseball.usssa.com/event/7th-annual-swing-into-spring/,
9a26cf13-2b58-4f38-9c96-f0b77adf1078,Snowball Classic,KY,Louisville,https://kybaseball.usssa.com/event/snowball-classic/,
1c199e64-4d48-43aa-a799-3c100f29c506,4th Annual Spring Thaw Classic,KY,Bowling Green,https://kybaseball.usssa.com/event/4th-annual-spring-thaw-classic/,
f81c0029-049c-4225-9e69-c5c7fa4a769d,Turf Opener (One Day Event),KS,Hays,https://ksbaseball.usssa.com/event/turf-opener-one-day-event/,
d6d608be-d02d-4d58-b694-cd61216b9976,March Madness ($150 Entry),KS,Pratt,https://ksbaseball.usssa.com/event/march-madness-150-entry/,
9aef3c1e-46c5-4395-8984-7f4883a9cc4a,WESTURBAN – MARCH MAYHEM,KS,Wichita,https://ksbaseball.usssa.com/event/westurban-march-mayhem/,
382e2589-1402-4ffc-8cab-ac01d3b2a5f6,Lake Shawnee All Turf Opener,KS,Topeka,https://ksbaseball.usssa.com/event/lake-shawnee-all-turf-opener/,
893b2e99-73f8-444f-923e-37401edcecbd,CIS Spring Shootout Series (Even) 3/14,IA,Des Moines,https://iabaseball.usssa.com/event/cis-spring-shootout-series-even-3-14/,
36efba4f-dd77-44f4-9169-b987190ddb03,Looney Tunes NIT (Looney Tunes Rings),GA,Thomasville,https://gabaseball.usssa.com/event/looney-tunes-nit-looney-tunes-rings/,
831a455a-f851-452c-bf1d-7a7b4d9a5c31,Batman VS Joker NIT (Batman & Joker Rings),GA,Dublin,https://gabaseball.usssa.com/event/batman-vs-joker-nit-batman-joker-rings/,
42cd7795-1e5f-4c3e-b24e-6f73a37089b0,I-75 Belt Battle ( Belts & Rings ),GA,Macon,https://gabaseball.usssa.com/event/i-75-belt-battle-belts-rings/,
5f10779c-1943-470d-a4e8-47ddcaf2d7c2,MARUCCI RCKLESS SERIES,GA,Freedom Park - Valdosta,https://gabaseball.usssa.com/event/marucci-rckless-series/,
25ebed41-9ecf-4469-bd1e-273efc036a16,BIG League Chew NIT (BIG League Chew Rings),GA,Thomasville,https://gabaseball.usssa.com/event/big-league-chew-nit-big-league-chew-rings/,
337be6f9-d1ef-4225-8a74-97f76a9b9d4e,Superman NIT (Superman Belt & Rings),GA,Dublin,https://gabaseball.usssa.com/event/superman-nit-superman-belt-rings/,
83a7c5c2-ed00-4dac-98b9-f0fc93d7b2d5,MADE Swing for the Spectrum,DE,Dover,https://debaseball.usssa.com/event/made-swing-for-the-spectrum/,
20b7ae28-15cf-4953-b00e-e560b791fcc9,MADE Mid-State Madness,DE,Dover,https://debaseball.usssa.com/event/made-mid-state-madness/,
f6ed4fc7-7362-46a1-b58c-efb873a99346,MADE Memorial Day Mayhem,DE,Dover,https://debaseball.usssa.com/event/made-memorial-day-mayhem/,
44de1afa-d912-426c-8d1d-a776afcb36af,Founders Tournament,CO,Loveland,https://cobaseball.usssa.com/event/founders-tournament/,
1c9c9d28-b991-4641-8931-1a8cdd07f04e,UACS Daddyz Daze,CO,NoCo,https://cobaseball.usssa.com/event/uacs-daddyz-daze/,
9d177008-7e03-47c7-a704-fa172bbfaa57,UACS Up North Champs,CO,NoCo,https://cobaseball.usssa.com/event/uacs-up-north-champs/,
4de4b05d-8be9-4db4-ad8e-313935e3f172,UNDER ARMOUR CS Classic,CO,Denver,https://cobaseball.usssa.com/event/under-armour-cs-classic/,
de74a8c4-785b-427f-823d-59264f7dca34,UA Champ in Windsor and Evans,CO,NoCo,https://cobaseball.usssa.com/event/uacs/,
18107bde-56d9-4d27-a36a-a12261a69af0,Maryland Cup Summer Showcase,DE,Frederica,https://mdcuplax.com/,
4726153a-dff6-4dde-83bd-fdbac664f7ef,LI Summer Showdown,NY,Central Islip,https://toplacrossetournaments.com/#events,
849634a1-5abc-45ad-9093-85f77bda1c64,Legends Meltdown (Boys + Girls),CA,Norco,https://legendslax.com/event/legends-meltdown-26/,
fcbb155d-e2b2-4824-88a7-b68179567c0c,The Nike G8,NJ,Tinton Falls,https://g8lacrosse.com,
333843f3-278f-485a-95a8-d61a57fb0105,Lax For The Cure HS Summer Tournament,NJ,New Egypt/Allentown,https://laxforthecure.com,
a5db4c27-7899-4ef9-a3eb-a78ab0ace8d9,The National Tour,PA,Philadelphia,https://otlax.com/events/event-national-team/,
e37330f3-f589-470f-a44e-fd5e5f9fe3d3,Elite Championships,PA,Conshohocken,https://bluestarlacrosse.us11.list-manage.com/track/click?u=2e48044caa8ce21fef10eeb7a&id=0ff932b981&e=b52ee6105f,
3ea9f71d-fe61-4e9e-84a1-69695b9e42f1,The Hunt,KY,Louisville,https://otlax.com/events/event-louisville/,
ac764a3e-4ece-4319-befc-66e2d85d884a,Lax For The Cure Youth,NJ,New Egypt/Allentown,https://laxforthecure.com,
ba118962-f0a8-479f-a70f-954a5e2078a4,SANTA BARBARA SUMMER SHOWDOWN,CA,Santa Barbara,https://calcoastsports.wixsite.com/showdownseries/summershowdown,
7ecebddb-3309-486e-bff2-36fa0d58ed90,Keystone Cup,PA,Gettysburg,https://blueandgraylacrosse.leagueapps.com/,
c4ff1341-2f1f-452e-afbf-fcdb679017d9,Salt Lake City Lacrosse Tournament,MD,Baltimore,https://alohatournaments.com/events/,
87984e67-d6dc-435f-a0ed-441672092b88,Summer Aloha Cup,MD,Baltimore,https://alohatournaments.com/events/,
888df5af-c30f-48da-a2a2-06f1446727f4,LWSC Boys Central Regional Qualifiers,IL,Schaumburg,https://lacrosseworldserieschampionship.com/boys/,
ce638848-0e53-409c-a8a6-46ef3192f6ad,LWSC GIRLS EAST & North Regional Qualifiers,DE,Frederica,https://lacrosseworldserieschampionship.com/girls/,
ba05a5be-91df-4525-b753-ec6f79273116,The Unity Club Cup,CA,,http://www.stspecialoists.com/,
2b622df7-10ed-4a2b-9de8-b51649d155a2,NEU Summer Classic,MN,,https://www.neusoccerclub.org/neu-tournament,
334aff0f-fed4-4d40-877d-36c6884d3ea2,Tournament of Champions,CA,,https://usclubsoccer.org/list-of-sanctioned-tournaments/,
8c7d787c-fd11-4f86-b7a8-487b42c9ef0f,Cinco De Mayo Cup,CA,,https://www.realsportingacademy.com/,
78d129df-560a-4358-8308-3d31309ea107,Icebreakers Cup,CA,,https://usclubsoccer.org/list-of-sanctioned-tournaments/,
2aeeae94-d8cb-4b84-bd9b-999e609dbcff,2026 Copa De Campeones,TX,,https://usclubsoccer.org/list-of-sanctioned-tournaments/,
da37756c-b705-4b6c-9979-7b0207fe15a1,Las Cruces Spring Kick Off,NM,,https://usclubsoccer.org/list-of-sanctioned-tournaments/,
39e959a8-b537-422d-a5b3-9d06c79407fc,So Cal Winter Cup,CA,,https://usclubsoccer.org/list-of-sanctioned-tournaments/,
36ea6512-d26f-463d-9c13-c0163ec908fb,2026 JSC Presidenti Tournament,CA,,https://system.gotsport.com/event_regs/8ad0b5fc4a,
c0e5e247-ee15-4aa8-8969-eb62e10c5ece,NEOFC Kickoff Classic,OK,,https://usclubsoccer.org/list-of-sanctioned-tournaments/,
a837aa83-2927-4332-b3c1-9d65f202c383,Bend Premier Cup,OR,,https://www.bendfctimbers.com/tournament-bpc,
7bf8e97c-6c2e-4b2e-8ef0-e8dfad51c406,Rogue Memorial Challenge,OR,,https://rvsoccer.com/club/tournaments,
3ccc494c-9850-4588-937c-2458281a1ab0,2025 PYSA Fall Shootout,OR,,https://leagues.bluesombrero.com/Default.aspx?tabid=1711509,
37a13758-03b6-45a7-ae5f-b2e71bce9701,ECAL,NY,Long Island,https://www.enysoccer.com/event/ecal/,
aba85150-fefc-499d-a627-a67a47049c0d,Brevard Hurricane Classic – 18th Annual,FL,Merritt Island,http://www.brevardsoccer.net,
f44278db-8f18-4532-9ba7-b4a4121fb32b,18th Annual Palm Beach Cup,FL,Palm Beach Gardens,https://palmbeachsocceracademy.com,
90fc7fdb-9bd3-4cbb-ac9d-3f5d81da75ae,South Florida Soccer Cup & Showcase,FL,Naples,https://www.sfcupandshowcase.com/,
94b4a854-699d-445a-b797-44386f35775b,Florida College Showcase & Cup,FL,Kendall,https://www.miamiac.org/fl-college-showcase/,
b441e1fb-c141-445b-bd1b-31db8daaf59e,Challenge Cup,FL,Brandon,https://fcflames.com/,
ab6b6963-100c-48db-9e36-65618b9c300f,2026 Sarasota Cup- Boys Weekend,FL,Lakewood Ranch,https://www.sarasotacup.com/Default.aspx?tabid=1933909,
d32e5a4b-8cf8-475a-a1f9-ed7f00299c33,Naples Spring Shootout,FL,Naples,https://kickoffsoccer.net,
41968713-a142-4416-b9a2-680c8787c0c0,2026 Sarasota Cup- Girls Weekend,FL,Lakewood Ranch,https://www.sarasotacup.com/Default.aspx?tabid=1933908,
8c5ac860-6651-4792-ac64-c633d569f361,Easter International Cup,FL,Orlando,https://www.coparayados.com/,
6b889c7a-82f7-4cc7-96bc-e5411acdc8b2,Florida State Invitational,FL,Tallahassee,https://www.tallahasseesoccer.com/tournaments,
970ee319-ba1d-42b8-80da-fc8b2eabac0a,Kick Off Spring Classic,FL,Fort Myers,https://kickoffsoccer.net,
6a826fae-8831-4fc0-9829-0e674aabc118,2026 Best of the Bay,FL,St Petersburg,https://www.northeastraiders.org,
8031f635-9cb3-4d80-bbdb-4c7f162f1144,Strawberry Classic,FL,Plant City,https://www.plantcityfc.com/tournament,
fe903445-0bc8-460d-a7bf-6ecea29d661c,2026 Weston Cup & Showcase,FL,Weston,https://westoncup.com/,
62637f4e-88fe-4a1d-98b8-9cbfce1a3f10,FCH Tourney Fest,FL,Winter Park,https://lkaantz-schniad-mceohl.yolasite.com/,
2c49894d-9c54-4d27-879a-3946ba2f4715,Copa 9’s- Girls,FL,Coral Springs,https://unitedsocceracademy.org/united-soccer-cup-showcase/,
8d9dd16e-1ffd-4238-876c-7d41ed54c2cb,Winter Broward Soccer Cup,FL,Sunrise,https://sunrisesurfsoccer.com/,
d08a6576-a25b-4d50-8852-75bc22a15145,Copa Zico,FL,Winter garden,https://home.gotsoccer.com/promo.aspx?NewsItemID=5519,
9a9f198e-be0b-43fe-becc-fe0e22004fed,BSA Phoenix Cup,FL,West Melbourne,https://www.brevardsoccer.org/,
54f6ef41-611d-47e5-b5bf-d53dcf1d9f73,One Cup,FL,Winter Haven,https://playtheonecup.com/,
f2d1adaf-25f8-4c21-8d67-6eb88a5197dd,Gasparilla Cup,FL,Tampa,https://tbusc.com/events/tournaments/,
a411f2b4-1ea2-4b2e-a363-60540b74435d,2026 Treasure Coast Cup,FL,Stuart,https://www.dictionary.com/browse/https://flsportsleague.demosphere-secure.com/tournaments/treasure-cove-tournament,
0385c265-eb1f-435c-a23e-b177c425da84,RI Automated Test Tournament,ZZ,Testville,https://www.refereeinsights.com/automation-test,
e44137f3-4807-4215-82fb-648eca82c0b8,Cal South,CA,Oceanside,https://www.socalsportscomplex.com/,
761b9c71-f963-41ea-9b5e-72ee713529aa,Adrenaline,CA,Oceanside,https://www.socalsportscomplex.com/,
694ba5d6-31bb-490c-878e-3c77987fbc27,The Finals 2026,CA,Anaheim,https://grassroots365.com/product/ogp-finals/,
3e0b653d-ad69-420a-9061-acda6fc4eaa1,Jet City 2026,WA,Auburn,https://grassroots365.com/product/jet-city/,
71500895-a23e-4d7c-a93c-1573f9685f18,Kings of the South 2026,TX,Arlington,https://grassroots365.com/product/king-of-the-south,
38c7c387-2d00-4a3f-8e5c-ae2664d29e33,Valid Classic,WA,Seattle,https://example.com/valid,
4c0bce7a-453a-4807-a403-daf741904aa8,Winter Cup 2026 (Solar Soccer Club),TX,McKinney,https://home.gotsoccer.com/events.aspx?Page=1&age=&date=&featured=&search=&state=TX&type=,
fef6dc67-21f8-4ed6-8d71-32b9ceb70d9d,2026 Outlaw Cup,TX,Grapevine,https://home.gotsoccer.com/events.aspx?Page=1&age=&date=&featured=&search=&state=TX&type=,
90dc6cec-17f2-49da-b78c-83dff313756c,Celtic Cup 2026,CA,,https://usclubsoccer.org/list-of-sanctioned-tournaments/,
2ce30c7b-619e-4212-bb2f-57d5e64cb3bb,Winter Cup,CA,,https://www.socalsoccertournaments.com/,
dc746ac2-e186-4aaf-bd51-a4254a7828a7,Winter Turf 2026,CA,,https://www.maderarojafc.org/tournaments,
d6670e39-1597-4e8d-bcbb-674e7843004f,Scripps Ranch Recreational All Star,CA,,https://www.scrippsranchsc.com/page/show/340524,
526ef42b-06d3-4f00-a99e-86280cccbf94,Sol Winter Classic,CA,,https://www.sanmarcosunited.org/,
e2cea4c4-0cbd-433e-a78e-cf549ec3e0fc,Santa Cruz United Winter Costal Cup,CA,,https://www.scunited.org/tournaments,
46a5f749-b45e-4f31-87ee-c3d163fd08ab,New Year’s Kickoff Cup,CA,,https://www.rangers-fc.org/tournaments,
fce94326-7f11-4a96-b677-b2e62e6d212c,Holiday Clasico,CA,,https://sdforcefc.com/club/31420,
9e6d2a79-1e86-461a-b753-482724404faf,New Years Kick Off,CA,,https://usclubsoccer.org/list-of-sanctioned-tournaments/escondidosoccerclub.org,
dc323042-f755-4447-a930-605567fc0931,Winter Storm Cup,CA,,https://www.stspecialists.com/%20https://www.vistasoccerclub.org/,
136bc91b-74e4-4281-b033-8d9841d36e8b,LA CIty United New Years Kickoff,CA,,https://www.laparks.org/lacityunited,
fcee968d-4b3e-4281-9efd-51e248ab72a2,PacNW Winter Classic Showcase,WA,Seattle,https://washingtonyouthsoccer.org/venue/60-acres-soccer-complex/,
